LABEL,ID,TRACK_ID,QUALITY,POSITION_X,POSITION_Y,POSITION_Z,POSITION_T,FRAME,RADIUS,VISIBILITY,MANUAL_SPOT_COLOR,MEAN_INTENSITY_CH1,MEDIAN_INTENSITY_CH1,MIN_INTENSITY_CH1,MAX_INTENSITY_CH1,TOTAL_INTENSITY_CH1,STD_INTENSITY_CH1,CONTRAST_CH1,SNR_CH1,ELLIPSE_X0,ELLIPSE_Y0,ELLIPSE_MAJOR,ELLIPSE_MINOR,ELLIPSE_THETA,ELLIPSE_ASPECTRATIO,AREA,PERIMETER,CIRCULARITY,SOLIDITY,SHAPE_INDEX
Label,Spot ID,Track ID,Quality,X,Y,Z,T,Frame,Radius,Visibility,Manual spot color,Mean intensity ch1,Median intensity ch1,Min intensity ch1,Max intensity ch1,Sum intensity ch1,Std intensity ch1,Contrast ch1,Signal/Noise ratio ch1,Ellipse center x0,Ellipse center y0,Ellipse long axis,Ellipse short axis,Ellipse angle,Ellipse aspect ratio,Area,Perimeter,Circularity,Solidity,Shape index
Label,Spot ID,Track ID,Quality,X,Y,Z,T,Frame,R,Visibility,Spot color,Mean ch1,Median ch1,Min ch1,Max ch1,Sum ch1,Std ch1,Ctrst ch1,SNR ch1,El. x0,El. y0,El. long axis,El. sh. axis,El. angle,El. a.r.,Area,Perim.,Circ.,Solidity,Shape index
,,,(quality),(pixel),(pixel),(pixel),(frame),,(pixel),,,(counts),(counts),(counts),(counts),(counts),(counts),,,(pixel),(pixel),(pixel),(pixel),(radians),,(pixel^2),(pixel),,,
ID4432,4432,1,392,551.4846939,79.07397959,0,5,5,11.17038385,1,,255,255,255,255,99960,0,0.984810127,Infinity,-0.406484407,-0.18985281,16.81774096,7.877254995,0.947168797,2.134974806,392,118,0.353778891,0.854961832,5.959900013
ID4513,4513,1,233,610.639485,115.27897,0,8,8,8.61198023,1,,255,255,255,255,59415,0,1,Infinity,0.009478429,-0.203668669,10.859118,6.937063839,0.023032499,1.565376686,233,72,0.564807938,0.930139721,4.716876831
ID4465,4465,1,303,588.4950495,108.4026403,0,7,7,9.820788946,1,,255,255,255,255,77265,0,1,Infinity,-0.042398858,-0.032416563,11.35011704,8.431701357,0.327472527,1.346124175,303,82,0.566271609,0.936630603,4.710776915
ID4418,4418,1,246,535.0325203,46.39430894,0,3,3,8.848967849,1,,255,255,255,255,62730,0,1,Infinity,-0.019012573,-0.024608709,10.39692752,7.465427613,1.526864212,1.392676757,246,74,0.564522858,0.931818182,4.718067677
ID4419,4419,1,242,539.2809917,9.280991736,0,1,1,8.776730169,1,,255,255,255,255,61710,0,0.718343195,Infinity,0.242400353,-0.007649672,9.932962648,7.96678989,-1.294982349,1.246796111,242,72,0.586624554,0.937984496,4.628335295
ID4439,4439,1,190,542.3157895,65.57368421,0,4,4,7.776816725,1,,255,255,255,255,48450,0,1,Infinity,-0.076743315,0.003998538,9.263898972,6.529584308,0.77591863,1.418757847,190,64,0.582912699,0.935960591,4.643048001
ID4474,4474,1,237,629.6118143,116.7890295,0,9,9,8.685588237,1,,255,255,255,255,60435,0,0.684834123,Infinity,-0.038427414,-0.132857655,10.40777086,7.397363206,-0.060258986,1.406956853,237,72,0.574504212,0.929411765,4.676902578
ID4427,4427,1,139,533.9496403,27.42446043,0,2,2,6.65169709,1,,255,255,255,255,35445,0,1,Infinity,0.002988756,-4.05E-04,7.790069426,5.765890442,1.351928918,1.351060951,139,56,0.556991555,0.91147541,4.749858006
ID4446,4446,1,205,568.0195122,96.88292683,0,6,6,8.077965503,1,,255,255,255,255,52275,0,1,Infinity,0.010797182,0.056527277,9.630941735,6.793560379,0.662852555,1.417657487,205,68,0.557116344,0.92760181,4.749326011
ID4865,4865,2,227,262.339207,290.3039648,0,35,35,8.500373178,1,,255,255,255,255,57885,0,1,Infinity,-0.131412013,-0.00208138,10.68569047,6.821170662,0.391195839,1.566547884,227,80,0.445713458,0.876447876,5.309786493
ID4482,4482,2,210,468.4904762,323.3142857,0,9,9,8.175883811,1,,255,255,255,255,53550,0,0.984251969,Infinity,-0.011546589,-0.12220776,9.464060725,7.050137496,2.623861288,1.34239378,210,68,0.570704548,0.92920354,4.692445804
ID4995,4995,2,31,561.7096774,1.129032258,0,57,57,3.141274657,1,,255,255,255,255,7905,0,0.841584158,Infinity,0.556476805,0.103457071,6.179931107,2.359789879,3.032976914,2.618848043,31,40,0.243473431,0.645833333,7.184212081
ID4620,4620,2,195,338.4307692,306.7897436,0,20,20,7.878478775,1,,255,255,255,255,49725,0,1,Infinity,-0.089565311,0.039980256,8.4615808,7.337093712,0.662129158,1.15326056,195,66,0.562544139,0.928571429,4.726358169
ID5774,5774,2,-1,298.5,294.5,0,24,24,4.599999994,1,,255,255,255,255,24735,0,0.127371274,Infinity,0,0,4.599999994,4.599999994,0,1,66.47610038,28.90265238,1,1,3.544907702
ID4880,4880,2,220,265.5,288.8045455,0,30,30,8.368283872,1,,255,255,255,255,56100,0,0.964285714,Infinity,-0.343957968,-0.002064251,10.67872962,6.800936658,0.404217341,1.570185131,220,72,0.533295049,0.916666667,4.85423901
ID4497,4497,2,149,443.5637584,332.3489933,0,11,11,6.886811529,1,,255,255,255,255,37995,0,1,Infinity,-0.07170837,0.006958523,7.662814153,6.496131118,-0.233959799,1.179596596,149,58,0.556596083,0.914110429,4.751545139
ID5782,5782,2,-1,291.1666667,292.1666667,0,25,25,3.599999979,1,,255,255,255,255,15555,0,0.033210332,Infinity,0,0,3.599999979,3.599999979,0,1,40.71504032,22.61946697,1,1,3.544907702
ID4504,4504,2,297,551.6498316,218.5723906,0,0,0,9.723067222,1,,255,255,255,255,75735,0,1,Infinity,0.28798212,-0.056657881,11.81880675,8.154604641,-0.935521232,1.449341479,297,86,0.504625753,0.928125,4.990226137
ID4634,4634,2,186,319.7258065,300.6451613,0,22,22,7.694520052,1,,255,255,255,255,47430,0,0.978723404,Infinity,0.011093196,-0.09390557,8.360230497,7.291251301,0.561649531,1.146611213,186,64,0.570640853,0.920792079,4.692707681
ID5019,5019,2,448,533.3348214,37.94866071,0,55,55,11.94164264,1,,255,255,255,255,114240,0,1,Infinity,-0.176508788,0.076071294,14.99293836,9.573972075,-0.351305406,1.566010245,448,108,0.482658954,0.912423625,5.102520386
ID4894,4894,2,272,261.9117647,291.7205882,0,33,33,9.304852983,1,,255,255,255,255,69360,0,1,Infinity,-0.247624427,0.042016504,11.93667727,7.026242881,0.326325152,1.698870573,272,96,0.370882466,0.835637481,5.820855001
ID5667,5667,2,-1,513.1666667,283.1666667,0,5,5,4.599999994,1,,255,255,255,255,24735,0,0.241791045,Infinity,0,0,4.599999994,4.599999994,0,1,66.47610038,28.90265238,1,1,3.544907702
ID4645,4645,2,190,274.4736842,288.1210526,0,28,28,7.776816725,1,,255,255,255,255,48450,0,0.968911917,Infinity,0.343039801,0.566266882,8.388140027,7.969825287,-0.794151468,1.052487316,190,78,0.392440897,0.842572062,5.658714751
ID4521,4521,2,167,480.9580838,316.3772455,0,8,8,7.290936222,1,,255,255,255,255,42585,0,1,Infinity,-0.061958727,-0.038659028,8.020298414,6.68583168,2.68542832,1.19959622,167,58,0.623835878,0.943502825,4.488174749
ID4651,4651,2,205,309.4731707,296.1804878,0,23,23,8.077965503,1,,255,255,255,255,52275,0,0.968,Infinity,-0.116711485,0.17324713,9.979706789,7.173984462,0.06530744,1.391096794,205,72,0.496934023,0.885529158,5.02869813
ID4529,4529,2,181,457.9668508,327.6298343,0,10,10,7.590394548,1,,255,255,255,255,46155,0,1,Infinity,-0.270458463,-0.028453136,9.530892859,6.134360978,2.725406913,1.553689601,181,66,0.522156355,0.898263027,4.905741365
ID4913,4913,2,239,303.9205021,263.3974895,0,40,40,8.722159297,1,,255,255,255,255,60945,0,1,Infinity,0.059040675,0.023648224,9.748696006,7.793465699,0.379879385,1.250880723,239,74,0.5484592,0.92815534,4.786662082
ID4791,4791,2,218,263.1788991,290.0688073,0,31,31,8.330159374,1,,255,255,255,255,55590,0,0.99086758,Infinity,-0.048339648,0.102825301,11.04779591,6.271698816,0.299254908,1.761531641,218,78,0.450274292,0.858267717,5.2828266
ID4920,4920,2,354,283.3870056,280.0056497,0,38,38,10.61516367,1,,255,255,255,255,90270,0,0.994366197,Infinity,0.05671966,-0.096306078,13.08548042,8.73580203,0.778572971,1.49791403,354,96,0.482692621,0.914728682,5.102342433
ID4537,4537,2,223,417.7399103,331.8206278,0,13,13,8.425147157,1,,255,255,255,255,56865,0,1,Infinity,0.125596209,0.040938389,9.451217309,7.639568036,-0.221304988,1.237140276,223,68,0.606033877,0.933054393,4.553616805
ID4930,4930,2,283,272.0812721,282.7809187,0,37,37,9.491137855,1,,255,255,255,255,72165,0,1,Infinity,0.160314919,0.210928485,11.97742013,7.480655421,0.565955118,1.601119081,283,94,0.40247656,0.899841017,5.587720004
ID4421,4421,2,252,527.0198413,255.0277778,0,3,3,8.956231982,1,,255,255,255,255,64260,0,1,Infinity,0.089821568,-0.332520411,9.402522664,8.735650082,1.240299523,1.076339205,252,74,0.578291708,0.926470588,4.661561834
ID4426,4426,2,177,542.1412429,230.6610169,0,1,1,7.506054213,1,,255,255,255,255,45135,0,1,Infinity,0.053209827,0.012453414,8.009652868,6.946653922,2.18599696,1.153023162,177,62,0.578628408,0.931578947,4.660205374
ID4428,4428,2,226,534.1814159,242.159292,0,2,2,8.481629223,1,,255,255,255,255,57630,0,1,Infinity,-0.098013414,-0.16581314,8.833317942,8.260359102,1.887857899,1.069362461,226,72,0.54783946,0.924335378,4.789368758
ID4940,4940,2,388,292.564433,269.242268,0,39,39,11.11324596,1,,255,255,255,255,98940,0,1,Infinity,-0.414705055,0.251826247,13.28357431,10.05830172,0.861067328,1.32065777,388,98,0.507679279,0.898148148,4.975196209
ID4943,4943,2,272,333.4080882,239.8345588,0,42,42,9.304852983,1,,255,255,255,255,69360,0,1,Infinity,-0.269953151,-0.076563013,10.59329284,8.411917548,1.398709061,1.259319623,272,80,0.534070751,0.923599321,4.850712501
ID4946,4946,2,295,349.8305085,232.0474576,0,43,43,9.690274321,1,,255,255,255,255,75225,0,1,Infinity,-0.217749731,0.0606839,11.41812151,8.437361565,-0.227278082,1.353281049,295,80,0.579231146,0.93206951,4.657780078
ID4823,4823,2,284,261.7359155,291.4260563,0,34,34,9.507891863,1,,255,255,255,255,72420,0,1.002350176,Infinity,-0.157967626,0.030401261,12.36337651,6.784370313,0.295285942,1.822332205,284,98,0.371600297,0.838995569,5.815230125
ID4951,4951,2,183,319.9180328,253.4153005,0,41,41,7.63221522,1,,255,255,255,255,46665,0,1,Infinity,0.045045721,0.024862331,8.164090329,7.138546971,-0.41080758,1.14366276,183,64,0.561436968,0.926582278,4.731016134
ID4568,4568,2,261,408.2490421,329.7011494,0,14,14,9.11476167,1,,255,255,255,255,66555,0,1,Infinity,-0.12767814,0.076484719,10.71474787,7.687398278,0.157495874,1.393806784,261,82,0.487778514,0.90625,5.075672577
ID4824,4824,2,249,261.8192771,291.0803213,0,32,32,8.902761463,1,,252.9518072,255,0,255,62985,22.80752402,1,11.09071756,0.354672368,0.336437346,11.10536995,7.06141485,0.369212975,1.572683405,249,94,0.354122486,0.819078947,5.957007955
ID4441,4441,2,252,519.8015873,267.3690476,0,4,4,8.956231982,1,,255,255,255,255,64260,0,1,Infinity,0.363188816,-0.353706214,11.52328565,7.594453558,2.029734744,1.517329135,252,82,0.470958566,0.868965517,5.165514464
ID4570,4570,2,276,398.8876812,326.8949275,0,15,15,9.373021316,1,,255,255,255,255,70380,0,0.992779783,Infinity,-0.075399374,0.288019483,12.43543149,7.369495432,0.412481059,1.687419662,276,88,0.44787168,0.873417722,5.296977536
ID4954,4954,2,379,369.3007916,222.4722955,0,44,44,10.98359899,1,,255,255,255,255,96645,0,1,Infinity,-0.019602036,0.581461261,12.89421055,10.06558878,0.164217049,1.281019008,379,96,0.516781083,0.918787879,4.931188771
ID4956,4956,2,450,437.2933333,167.8444444,0,48,48,11.96826841,1,,255,255,255,255,114750,0,1,Infinity,-0.057212053,0.131389112,13.6341366,10.64332439,2.691181454,1.281003575,450,100,0.565486678,0.941422594,4.714045208
ID4957,4957,2,231,384.8008658,205.7922078,0,45,45,8.574939283,1,,255,255,255,255,58905,0,1,Infinity,-0.04340289,0.092950444,9.847571807,7.492716292,2.675085131,1.314285958,231,70,0.592414615,0.927710843,4.605661865
ID4447,4447,2,218,504.5366972,295.4954128,0,6,6,8.330159374,1,,255,255,255,255,55590,0,1,Infinity,-0.049381823,0.143655885,9.461681352,7.593881079,2.250522436,1.245961222,218,66,0.628895499,0.935622318,4.470084046
ID4959,4959,2,278,478.3956835,117.9460432,0,51,51,9.406920238,1,,255,255,255,255,70890,0,0.992831541,Infinity,-0.043007386,0.106649086,13.61836609,6.490323884,-0.684505825,2.098256779,278,90,0.431290251,0.915980231,5.397841295
ID4578,4578,2,376,392.212766,323.9601064,0,16,16,10.94004192,1,,255,255,255,255,95880,0,1.041628959,Infinity,-0.216442226,0.515066575,17.97183372,6.564024872,0.332350762,2.737928949,376,138,0.248107296,0.749003984,7.116806599
ID4962,4962,2,244,450.6106557,148.852459,0,49,49,8.812923024,1,,255,255,255,255,62220,0,1,Infinity,-0.085623297,-0.023577023,10.58351051,7.468439161,-0.772170938,1.417098041,244,76,0.530850836,0.913857678,4.865401437
ID4585,4585,2,175,373.1485714,317.8457143,0,17,17,7.463526652,1,,255,255,255,255,44625,0,1,Infinity,-0.078453712,-0.051466427,7.754661617,7.287492261,-1.01221667,1.06410564,175,60,0.610865238,0.921052632,4.535573676
ID4714,4714,2,181,285.6187845,289.9337017,0,26,26,7.590394548,1,,255,255,255,255,46155,0,0.996323529,Infinity,-0.037372316,-0.02835968,8.55540873,6.948349349,0.8093318,1.231286497,181,62,0.591704756,0.918781726,4.608423707
ID4971,4971,2,272,416.6397059,180.7610294,0,47,47,9.304852983,1,,255,255,255,255,69360,0,1,Infinity,0.140786665,0.039826591,12.33477857,7.043959853,2.64490566,1.751114263,272,84,0.484417915,0.914285714,5.093248126
ID4460,4460,2,280,430.25,333.8535714,0,12,12,9.440697439,1,,255,255,255,255,71400,0,1,Infinity,0.107476634,0.284145103,13.61570245,6.829209066,-0.190422467,1.99374515,280,84,0.498665501,0.912052117,5.019960159
ID4972,4972,2,359,497.2311978,98.79665738,0,52,52,10.68986666,1,,255,255,255,255,91545,0,1,Infinity,-0.050937099,0.186503661,11.64534008,9.73843973,2.357801597,1.195811691,359,88,0.582557729,0.94102228,4.644462363
ID4591,4591,2,166,361.5783133,315.5120482,0,18,18,7.269074295,1,,255,255,255,255,42330,0,1,Infinity,-0.06912209,-0.010694333,7.587464586,7.093210505,0.746790967,1.069679883,166,60,0.579449312,0.924791086,4.656903154
ID4719,4719,2,128,269.796875,288.2421875,0,29,29,6.383076486,1,,255,255,255,255,32640,0,0.959183673,Infinity,-0.27473393,0.155442735,6.940379688,6.109447442,0.848040867,1.136007758,128,54,0.551610233,0.907801418,4.772970773
ID4979,4979,2,331,398.9607251,191.4199396,0,46,46,10.26452982,1,,255,255,255,255,84405,0,1,Infinity,-0.288372528,0.007785775,11.21276253,9.838368826,-0.652190796,1.139697315,331,84,0.58949386,0.941678521,4.617057563
ID4596,4596,2,195,328.3282051,303.4205128,0,21,21,7.878478775,1,,255,255,255,255,49725,0,1,Infinity,-0.08317849,-0.041359511,8.082619773,7.675054729,1.265474175,1.053102559,195,66,0.562544139,0.915492958,4.726358169
ID4468,4468,2,290,496.6172414,301.7310345,0,7,7,9.607802402,1,,255,255,255,255,73950,0,1,Infinity,-0.364333986,-0.043972957,14.80925674,6.322424588,-0.743923854,2.342338217,290,102,0.350273691,0.829756795,5.989646239
ID4981,4981,2,268,508.0186567,76.18283582,0,53,53,9.236181543,1,,255,255,255,255,68340,0,1,Infinity,0.070202824,-0.097127773,10.93726443,7.727974525,-0.822000405,1.415282154,268,80,0.526216769,0.932173913,4.886777774
ID4983,4983,2,526,460.9524715,132.4961977,0,50,50,12.93951313,1,,255,255,255,255,134130,0,1,Infinity,-0.746895041,0.121498764,15.12131482,11.65588788,2.147740175,1.297311279,526,118,0.474713512,0.89001692,5.145044498
ID4984,4984,2,251,552.1115538,16.97211155,0,56,56,8.938444016,1,,255,255,255,255,64005,0,1,Infinity,0.006825757,-0.043728903,11.67976974,6.895454142,2.031988147,1.693836185,251,76,0.546080163,0.93135436,4.797077464
ID4602,4602,2,178,350.0674157,310.6685393,0,19,19,7.527227892,1,,255,255,255,255,45390,0,0.977777778,Infinity,0.029980336,0.009904857,8.034484616,7.293709683,0.611723006,1.101563534,178,62,0.581897495,0.915167095,4.647096472
ID4730,4730,2,220,279.3409091,288.0272727,0,27,27,8.368283872,1,,255,255,255,255,56100,0,0.979010495,Infinity,-0.194078244,0.288889638,9.369354633,7.811502582,0.299901262,1.199430524,220,72,0.533295049,0.901639344,4.85423901
ID4860,4860,2,254,265.507874,286.1220472,0,36,36,8.991702347,1,,255,255,255,255,64770,0,1,Infinity,-0.055623402,-0.159658625,11.76554919,7.074129984,1.17623895,1.663179672,254,86,0.431565459,0.866894198,5.396119924
ID4991,4991,2,482,520.2116183,54.5746888,0,54,54,12.38649931,1,,255,255,255,255,122910,0,1,Infinity,-0.213126406,-0.14245701,12.53524992,12.18448536,0.649177737,1.028787803,482,112,0.482859585,0.891766883,5.101460209
ID4449,4449,6,39,502.5897436,18.76923077,0,12,12,3.52336282,1,,255,255,255,255,9945,0,1.017241379,Infinity,0.212432389,0.405157574,7.757674844,1.620937164,1.131320619,4.785919537,39,52,0.18124573,0.614173228,8.326663998
ID4532,4532,6,28,504.3928571,22.25,0,13,13,2.985410661,1,,255,255,255,255,7140,0,0.976470588,Infinity,0.134629254,0.236151639,6.487300931,1.600183614,1.0833818,4.054097839,28,42,0.1994662,0.651162791,7.937253933
ID4550,4550,6,13,504.0769231,21.76923077,0,14,14,2.034214473,1,,255,255,255,255,3315,0,0.857142857,Infinity,0.083109715,0.154037726,3.278324844,1.413014827,1.257635026,2.320092316,13,20,0.408407045,0.8125,5.547001962
ID4487,4487,6,15,505.2,23.53333333,0,11,11,2.185096861,1,,255,255,255,255,3825,0,0.875,Infinity,0.157929295,0.166037716,4.010534691,1.406950779,1.225022676,2.850515278,15,24,0.327249235,0.731707317,6.196773354
ID4850,4850,16,24,588.0833333,88.16666667,0,36,36,2.763953196,1,,255,255,255,255,6120,0,0.945945946,Infinity,0.50937288,0.197604112,6.150697183,1.450856121,0.172502854,4.23935709,24,36,0.232710567,0.676056338,7.348469228
ID4808,4808,16,8,561.5,79.5,0,34,34,1.595769122,1,,255,255,255,255,2040,0,1,Infinity,0,0,2.012309656,1.405667127,0.785398163,1.431569123,8,16,0.392699082,0.727272727,5.656854249
ID4875,4875,16,7,584.2857143,87.28571429,0,33,33,1.49270533,1,,255,255,255,255,1785,0,1.1,Infinity,-0.041890451,0.040011447,2.525231396,1.108705187,0.112825093,2.277640103,7,16,0.343611696,0.777777778,6.047431568
ID4863,4863,16,17,588.1764706,88.05882353,0,35,35,2.326213246,1,,255,255,255,255,4335,0,1,Infinity,0.066283998,0.179068508,4.831594156,1.353495106,0.251872944,3.569716755,17,30,0.237364778,0.653846154,7.276068751
ID4864,4864,17,32,614.5625,88.34375,0,35,35,3.191538243,1,,255,255,255,255,8160,0,1,Infinity,0.020490673,-0.031043094,7.153224893,1.62528813,-0.12091772,4.401204168,32,38,0.278479127,0.744186047,6.717514421
ID4851,4851,17,36,614.4722222,88.41666667,0,36,36,3.385137501,1,,255,255,255,255,9180,0,1,Infinity,-0.085324274,-0.033943799,6.753820891,1.780837887,3.028046457,3.792496183,36,36,0.34906585,0.808988764,6
ID4918,4918,17,29,613.8965517,88.62068966,0,38,38,3.03825389,1,,255,255,255,255,7395,0,1,Infinity,0.256862085,-0.24427902,6.54929917,1.825743888,3.049624749,3.587194904,29,36,0.281191935,0.716049383,6.685032174
ID4936,4936,17,28,613.4285714,88.75,0,39,39,2.985410661,1,,255,255,255,255,7140,0,1,Infinity,0.399519116,-0.25169471,6.175264683,1.85414481,3.045398002,3.330519088,28,34,0.304375759,0.848484848,6.425396041
ID4809,4809,17,43,587.3953488,88.1627907,0,34,34,3.69963851,1,,255,255,255,255,10965,0,0.984615385,Infinity,0.403873198,0.19106637,7.379564427,1.974965913,0.215762141,3.736552808,43,48,0.234528618,0.722689076,7.319931376
ID4877,4877,17,27,616.7777778,88.22222222,0,33,33,2.931615071,1,,255,255,255,255,6885,0,0.741935484,Infinity,0.53090419,-0.174843341,8.878947855,1.35884686,3.085394624,6.534178439,27,42,0.192342407,0.675,8.082903769
ID4927,4927,17,19,613.8947368,88.36842105,0,37,37,2.45924538,1,,255,255,255,255,4845,0,1,Infinity,0.215974091,-0.272926347,5.588233927,1.647109003,3.012641774,3.392752949,19,28,0.304542145,0.745098039,6.423640548
ID4853,4853,18,24,635.4583333,87.95833333,0,36,36,2.763953196,1,,255,255,255,255,6120,0,0.714285714,Infinity,0.468015844,-0.058646799,5.203933409,1.990929969,0.0295519,2.613820421,24,24,0.523598776,0.941176471,4.898979486
ID4811,4811,18,83,622.9156627,88.09638554,0,34,34,5.140011727,1,,255,255,255,255,21165,0,0.741258741,Infinity,0.940387124,0.192830431,15.6852435,2.366623551,-0.069990318,6.62768842,83,80,0.162970119,0.605839416,8.781140799
ID4878,4878,18,21,635,87.71428571,0,33,33,2.585441473,1,,255,255,255,255,5355,0,0.702702703,Infinity,0.267420986,0.090969841,4.828932312,1.630680142,0.06268357,2.961299515,21,32,0.257708772,0.763636364,6.982972488
ID4862,4862,18,17,636.5882353,87.64705882,0,35,35,2.326213246,1,,255,255,255,255,4335,0,0.7,Infinity,-0.082232788,-0.119957557,3.707897969,1.819300068,0.16878333,2.038090381,17,22,0.441380786,0.772727273,5.335783751
ID4857,4857,19,106,632.3018868,3.037735849,0,35,35,5.808687282,1,,252.5943396,255,0,255,26775,24.76778949,0.363636364,5.439200829,0.321640778,-0.827298097,8.691003423,5.233059152,0.171630153,1.660788302,106,50,0.532814114,0.92173913,4.856429312
ID4842,4842,19,7,634.2857143,1.142857143,0,36,36,1.49270533,1,,255,255,255,255,1785,0,0.555555556,Infinity,0.026125892,0.041799773,2.011262974,1.635331546,2.136105397,1.229880863,7,12,0.610865238,0.875,4.535573676
ID5248,5248,20,576,497.9149306,88.90972222,0,112,112,13.54055001,1,,255,255,255,255,146880,0,1,Infinity,-0.171711905,1.602455633,17.57907468,12.09074031,-0.364407075,1.453928729,576,128,0.441786467,0.854599407,5.333333333
ID5123,5123,20,198,188.5454545,331.8838384,0,80,80,7.938851143,1,,255,255,255,255,50490,0,1,Infinity,-0.063327735,0.058049768,9.366883535,6.825985594,2.697375182,1.372238984,198,70,0.507783955,0.904109589,4.974683382
ID5255,5255,20,294,585.1802721,7.445578231,0,117,117,9.673836185,1,,255,255,255,255,74970,0,0.704347826,Infinity,0.377493914,-1.614518232,12.56668625,8.861747525,-0.930737937,1.41808218,294,80,0.57726765,0.9408,4.665694748
ID5128,5128,20,198,175.5707071,336.8282828,0,78,78,7.938851143,1,,255,255,255,255,50490,0,1,Infinity,-0.07560854,0.023893264,10.09892913,6.32795733,-0.270860528,1.595922445,198,70,0.507783955,0.914549654,4.974683382
ID5130,5130,20,233,181.2575107,334.7038627,0,79,79,8.61198023,1,,255,255,255,255,59415,0,0.991452991,Infinity,-0.039431304,-0.055127987,12.35440679,6.245428662,2.88047806,1.978151934,233,80,0.45749443,0.896153846,5.240974257
ID5133,5133,20,209,193.3588517,329.2009569,0,81,81,8.156394192,1,,255,255,255,255,53295,0,1,Infinity,-0.125388759,-0.121599365,8.883641752,7.531158693,2.445653453,1.17958499,209,70,0.535994175,0.910675381,4.842001247
ID5134,5134,20,205,195.5560976,326.2341463,0,82,82,8.077965503,1,,255,255,255,255,52275,0,1,Infinity,-0.190368417,-0.236584669,8.709840802,7.953960629,2.194242692,1.095031923,205,70,0.525735913,0.9030837,4.88901207
ID5139,5139,20,188,196.9148936,315.5212766,0,85,85,7.735777828,1,,255,255,255,255,47940,0,1,Infinity,-0.029295659,0.01004479,8.283502759,7.292598723,2.29205484,1.135878042,188,62,0.614588365,0.93765586,4.521814736
ID5147,5147,20,334,198.7724551,311.6407186,0,86,86,10.31094089,1,,255,255,255,255,85170,0,1,Infinity,-0.290174675,-0.100579245,11.96448655,9.350891118,2.778327581,1.279502284,334,88,0.541989642,0.922651934,4.815145765
ID5152,5152,20,214,197.5560748,304.8598131,0,88,88,8.253382073,1,,255,255,255,255,54570,0,1,Infinity,0.022800492,0.060404348,8.608457426,7.867286524,1.292576981,1.094209217,214,68,0.581575111,0.922413793,4.648384304
ID5024,5024,20,260,15.36538462,320.6384615,0,59,59,9.097283683,1,,255,255,255,255,66300,0,0.967213115,Infinity,0.154745929,-0.195684271,11.00554804,7.871662848,0.253098783,1.398122386,260,72,0.630257785,0.948905109,4.465250445
ID5155,5155,20,255,199.5333333,298.827451,0,89,89,9.009385161,1,,255,255,255,255,65025,0,0.997389034,Infinity,-0.117563918,0.118776711,9.54423333,8.741653553,0.911317667,1.09181098,255,78,0.526696993,0.910714286,4.88454947
ID5027,5027,20,253,44.18972332,335.7628458,0,61,61,8.973984689,1,,255,255,255,255,64515,0,1,Infinity,0.079893942,-0.11609274,11.1261789,7.222273868,0.498236303,1.540536832,253,76,0.5504314,0.923357664,4.778079062
ID5158,5158,20,230,196.5304348,308.9521739,0,87,87,8.556358678,1,,255,255,255,255,58650,0,1,Infinity,-0.181010955,0.005878061,9.081453224,8.298870601,0.273063109,1.094299895,230,72,0.557535733,0.92555332,4.747539408
ID5034,5034,20,205,56.69268293,343.5219512,0,62,62,8.077965503,1,,255,255,255,255,52275,0,1,Infinity,-0.037739031,-0.052089098,9.535072534,6.850260587,0.255415108,1.39192844,205,70,0.525735913,0.921348315,4.88901207
ID5163,5163,20,226,197.6548673,323.699115,0,83,83,8.481629223,1,,255,255,255,255,57630,0,1,Infinity,-0.423613624,-0.087144877,9.759526288,7.843876437,2.134382008,1.244222339,226,72,0.54783946,0.926229508,4.789368758
ID5165,5165,20,224,205.4508929,289.2366071,0,91,91,8.444016491,1,,255,255,255,255,57120,0,1,Infinity,0.066460421,-0.036284224,9.052604392,7.961461014,0.304480292,1.137053158,224,72,0.542991323,0.927536232,4.810702354
ID5037,5037,20,223,76.86995516,351.5560538,0,64,64,8.425147157,1,,255,255,255,255,56865,0,1,Infinity,-0.236114975,-0.489240352,12.50258672,6.105880798,0.471258724,2.047630331,223,82,0.416760953,0.879684418,5.491126147
ID5167,5167,20,297,209.6531987,281.6868687,0,92,92,9.723067222,1,,255,255,255,255,75735,0,1,Infinity,-0.145883582,-0.182914131,10.87196928,9.255831056,2.885878014,1.174607576,297,82,0.555058309,0.918083462,4.758122596
ID5042,5042,20,231,31.25108225,327.1601732,0,60,60,8.574939283,1,,255,255,255,255,58905,0,1,Infinity,0.090979412,-0.077263857,10.45763223,7.072777994,0.577819996,1.47857493,231,72,0.559959802,0.929577465,4.737252204
ID5171,5171,20,608,221.5625,273.2072368,0,94,94,13.91159268,1,,255,255,255,255,155040,0,0.99890411,Infinity,-0.378360666,0.546916628,17.30330175,11.44980282,0.095491214,1.511231418,608,134,0.425504195,0.879248012,5.434417608
ID5176,5176,20,331,212.4471299,277.7250755,0,93,93,10.26452982,1,,255,255,255,255,84405,0,1,Infinity,-0.191719524,-0.027391039,10.76334838,9.844736067,2.513894045,1.093309999,331,84,0.58949386,0.937677054,4.617057563
ID5048,5048,20,417,63.67865707,346.2805755,0,63,63,11.52107732,1,,255,255,255,255,106335,0,0.97943038,Infinity,-0.37879721,0.059531332,16.36790804,8.396659139,0.223083079,1.949335774,417,116,0.389430481,0.86246122,5.68054444
ID5180,5180,20,175,197.6228571,317.8114286,0,84,84,7.463526652,1,,255,255,255,255,44625,0,1,Infinity,0.01667324,0.001683095,8.204633074,6.848421988,-0.444133968,1.19803264,175,64,0.536893276,0.902061856,4.837945255
ID5184,5184,20,588,229.0119048,260.6768707,0,95,95,13.68087033,1,,255,255,255,255,149940,0,0.995475113,Infinity,-1.068893614,-0.166387417,17.74774222,11.81845968,0.250926242,1.501696728,588,126,0.465421134,0.878923767,5.196152423
ID5062,5062,20,166,5.385542169,317.0060241,0,58,58,7.269074295,1,,255,255,255,255,42330,0,0.696763203,Infinity,-3.362222908,-0.797708924,12.46579736,6.982095585,0.54909344,1.785394831,166,68,0.451128357,0.892473118,5.277823575
ID5191,5191,20,230,201.8956522,294.0956522,0,90,90,8.556358678,1,,255,255,255,255,58650,0,1,Infinity,-0.313488895,0.17141103,9.664553717,7.881715364,2.523075176,1.226199282,230,76,0.500392182,0.900195695,5.011291598
ID5192,5192,20,698,247.739255,244.4541547,0,97,97,14.90571369,1,,255,255,255,255,177990,0,1,Infinity,0.346377068,0.933962457,17.73733934,13.75279485,3.056064393,1.289726163,698,144,0.422999937,0.846060606,5.450480382
ID5193,5193,20,821,236.5797808,255.4945189,0,96,96,16.16577918,1,,255,255,255,255,209355,0,1,Infinity,-0.865180332,0.876541398,19.81272211,14.11230862,0.431791261,1.403932031,821,160,0.403007433,0.881374128,5.584038502
ID5194,5194,20,669,255.2884903,232.3587444,0,98,98,14.59278294,1,,255,255,255,255,170595,0,0.994038748,Infinity,-0.977507212,0.244695325,18.09606945,12.88090356,0.663761736,1.404875782,669,138,0.441446227,0.860450161,5.335388244
ID5067,5067,20,169,87.07692308,355.3372781,0,65,65,7.334464586,1,,255,255,255,255,43095,0,1,Infinity,0.017611813,-0.115693431,8.680460642,6.370795746,0.042385637,1.362539467,169,58,0.631306966,0.944134078,4.461538462
ID5197,5197,20,649,282.0046225,207.8921418,0,100,100,14.37299955,1,,255,255,255,255,165495,0,0.994877049,Infinity,-0.054608153,0.223451749,16.56335922,13.35261382,-1.104441119,1.240458193,649,136,0.440937204,0.88239293,5.338466969
ID5069,5069,20,182,107.3846154,355.6153846,0,67,67,7.611333608,1,,255,255,255,255,46410,0,1,Infinity,-0.007986453,0.018916076,8.330630223,7.06321667,-0.231712491,1.179438578,182,64,0.558369007,0.91,4.743995627
ID5071,5071,20,161,116.6273292,355.7826087,0,68,68,7.158763278,1,,255,255,255,255,41055,0,1,Infinity,-0.146136408,-0.129251662,8.281536007,6.531065229,-0.506717972,1.268022247,161,56,0.645148491,0.944281525,4.413418275
ID5201,5201,20,726,292.7506887,198.8663912,0,101,101,15.20174258,1,,255,255,255,255,185130,0,0.999082148,Infinity,-0.87428344,0.679100615,16.90973256,15.49827238,1.028059951,1.091072098,726,144,0.439968416,0.871548619,5.344341257
ID5074,5074,20,194,96.70103093,355.9639175,0,66,66,7.858251582,1,,255,255,255,255,49470,0,1,Infinity,0.161909586,-0.053135173,9.483218175,6.5800941,-0.016042557,1.441197957,194,64,0.595184546,0.934939759,4.594932215
ID5203,5203,20,473,327.1712474,182.7103594,0,103,103,12.2703128,1,,255,255,255,255,120615,0,1,Infinity,0.004374744,0.37899557,17.2482903,9.291277794,2.805077755,1.856395932,473,114,0.457363289,0.896682464,5.241725585
ID5205,5205,20,533,383.564728,152.8686679,0,106,106,13.02532799,1,,255,255,255,255,135915,0,1,Infinity,-0.201923773,1.228529709,17.60261884,10.64786764,2.836470647,1.653159059,533,118,0.481030992,0.898819562,5.111147366
ID5206,5206,20,739,365.1948579,165.9986468,0,105,105,15.33724245,1,,255,255,255,255,188445,0,0.999098287,Infinity,0.104994152,0.024315615,19.07381784,12.06017685,0.203836411,1.581553743,739,146,0.435660907,0.890361446,5.370696817
ID5210,5210,20,691,271,224.7308249,0,99,99,14.83078323,1,,255,255,255,255,176205,0,0.983732057,Infinity,-0.488349027,0.418734083,15.7761642,14.16289256,0.508493207,1.113908345,691,130,0.513808408,0.914021164,4.94543307
ID5213,5213,20,799,396.3053817,137.6445557,0,107,107,15.94771454,1,,255,255,255,255,203745,0,0.995006242,Infinity,-0.994330188,0.117585868,17.82880211,15.03155571,1.884351333,1.18609161,799,148,0.458387971,0.893736018,5.235863619
ID5086,5086,20,237,122.2320675,354.7890295,0,69,69,8.685588237,1,,255,255,255,255,60435,0,0.994389902,Infinity,-0.2470821,0.037075056,11.17562801,6.965032025,2.812933401,1.604533615,237,74,0.543869583,0.931237721,4.806816538
ID5215,5215,20,467,345.0706638,170.8715203,0,104,104,12.19224003,1,,255,255,255,255,119085,0,0.992887624,Infinity,-0.227167676,-0.801018967,16.19768201,10.10727485,2.309544421,1.602576586,467,124,0.381665913,0.831700801,5.738035686
ID5220,5220,20,683,313.9033675,195.0541728,0,102,102,14.74468217,1,,255,255,255,255,174165,0,0.976845152,Infinity,-0.499757652,0.190457078,18.19414159,12.14124982,3.136185525,1.49853943,683,136,0.46403715,0.892810458,5.203895376
ID5223,5223,20,666,443.1276276,123.9894895,0,109,109,14.56002693,1,,255,255,255,255,169830,0,0.996003996,Infinity,-0.116939767,0.286754918,18.59914541,11.30731641,3.088536467,1.644877063,666,128,0.510815602,0.943342776,4.959899253
ID5099,5099,20,169,131.5621302,351.9171598,0,71,71,7.334464586,1,,255,255,255,255,43095,0,1,Infinity,0.031434496,-0.048121288,8.276328328,6.567323146,3.058159132,1.260228581,169,60,0.589921287,0.936288089,4.615384615
ID5227,5227,20,552,474.1793478,97.98913043,0,111,111,13.25545387,1,,255,255,255,255,140760,0,0.996383363,Infinity,-1.104788114,0.109096643,17.03269189,11.36638683,-0.40341482,1.498514185,552,116,0.515505097,0.915422886,4.937287878
ID5104,5104,20,139,128.6978417,352.2733813,0,70,70,6.65169709,1,,255,255,255,255,35445,0,1,Infinity,-0.023601306,0.02648711,7.636370811,5.75302643,2.88898565,1.327365849,139,56,0.556991555,0.920529801,4.749858006
ID5234,5234,20,422,517.1374408,70.53080569,0,113,113,11.58994271,1,,255,255,255,255,107610,0,1,Infinity,0.003798827,-0.270509946,13.46180694,10.08181756,-0.646256038,1.335255956,422,100,0.53030084,0.925438596,4.867923835
ID5107,5107,20,223,136.4618834,350.6591928,0,72,72,8.425147157,1,,255,255,255,255,56865,0,1,Infinity,-0.002366944,0.036736871,9.757492851,7.313020849,-0.155176484,1.334262961,223,70,0.571898091,0.927234927,4.687546711
ID5108,5108,20,197,142.0101523,348.0761421,0,73,73,7.918778162,1,,255,255,255,255,50235,0,1,Infinity,0.093304456,0.258714923,9.174361627,7.142006719,-0.235809556,1.284563567,197,64,0.60438843,0.940334129,4.559811199
ID5236,5236,20,529,417.3705104,133.7655955,0,108,108,12.97636042,1,,255,255,255,255,134895,0,1,Infinity,0.299762546,0.273231495,17.12308037,10.10601559,-0.133299491,1.694345334,529,118,0.477421004,0.902730375,5.130434783
ID5237,5237,20,567,534.372134,58.03880071,0,114,114,13.43434797,1,,255,255,255,255,144585,0,1,Infinity,-0.465608302,-0.211773595,16.35392548,11.83247677,2.642507674,1.382121917,567,116,0.529513387,0.933333333,4.871542097
ID5238,5238,20,868,452.1820276,110.9435484,0,110,110,16.62206309,1,,255,255,255,255,221340,0,0.996167114,Infinity,-0.231771039,-0.550238101,20.93898835,13.21726173,2.153277471,1.584215307,868,164,0.405547654,0.845180136,5.566522713
ID5112,5112,20,302,148.8211921,346.3344371,0,74,74,9.80456963,1,,255,255,255,255,77010,0,1,Infinity,0.079433141,0.02520738,10.69467508,8.935928991,2.880273829,1.196817375,302,82,0.564402725,0.932098765,4.718569769
ID5115,5115,20,265,154.4226415,342.6641509,0,75,75,9.184341013,1,,255,255,255,255,67575,0,1,Infinity,0.05005281,0.138510314,11.09517582,7.697054294,2.811013522,1.441483377,265,76,0.576538818,0.933098592,4.668642888
ID5116,5116,20,249,167.686747,338.811245,0,77,77,8.902761463,1,,255,255,255,255,63495,0,0.997326203,Infinity,-0.006824216,0.203512624,12.81257569,6.499736016,2.840321794,1.971245549,249,88,0.404058146,0.857142857,5.576773405
ID5244,5244,20,352,553.5596591,43.80113636,0,115,115,10.58513486,1,,255,255,255,255,89760,0,0.986829727,Infinity,-0.056876983,0.001329109,12.45363531,8.808776663,-0.761211427,1.413775805,352,92,0.522608986,0.923884514,4.903616476
ID5118,5118,20,388,161.1365979,342.1005155,0,76,76,11.11324596,1,,255,255,255,255,98940,0,1,Infinity,0.883067206,0.378246688,14.98059833,8.840534638,2.981997666,1.694535335,388,100,0.48757518,0.874859076,5.076730826
ID5246,5246,20,423,571.0047281,22.65248227,0,116,116,11.60366674,1,,255,255,255,255,107865,0,0.990588235,Infinity,-0.295643062,0.196084603,14.62686666,9.287582585,-0.760131637,1.574884156,423,100,0.531557477,0.924590164,4.862166383
ID4854,4854,23,16,497.3125,2.8125,0,35,35,2.256758334,1,,255,255,255,255,4080,0,0.714285714,Infinity,0.169004411,0.191450708,3.816923381,1.883065699,1.527466664,2.026973028,16,20,0.502654825,0.864864865,5
ID4807,4807,23,41,506.804878,26.29268293,0,34,34,3.612575997,1,,255,255,255,255,10455,0,1,Infinity,0.125962702,0.104697038,7.053987571,1.943947015,0.955651363,3.628693332,41,50,0.206088478,0.68907563,7.808688094
ID5137,5137,24,31,503.9677419,8.64516129,0,85,85,3.141274657,1,,255,255,255,255,7905,0,0.841584158,Infinity,-0.064402845,-0.433826326,6.843309822,1.741814749,1.373646398,3.928839061,31,40,0.243473431,0.696629213,7.184212081
ID5157,5157,24,28,504.0357143,9.178571429,0,87,87,2.985410661,1,,255,255,255,255,7140,0,1,Infinity,-0.014538523,-0.580511215,6.611978723,1.70350989,1.386593745,3.88138558,28,36,0.271495661,0.736842105,6.803360514
ID5143,5143,24,36,503.9722222,9.25,0,86,86,3.385137501,1,,255,255,255,255,9180,0,0.830508475,Infinity,-0.076079006,-0.420423024,7.0802779,1.833341319,1.392273347,3.861952942,36,44,0.233672181,0.72,7.333333333
ID5376,5376,30,311,476.926045,58.92282958,0,147,147,9.94959168,1,,255,255,255,255,79305,0,1,Infinity,0.165639531,0.710754975,11.86189867,9.11862698,1.436289288,1.300842627,311,86,0.528412826,0.922848665,4.876612603
ID5378,5378,30,343,486.0379009,25.52478134,0,145,145,10.44893731,1,,255,255,255,255,87465,0,1,Infinity,0.01871191,0.036447175,12.35932384,8.883431759,1.777660041,1.391278076,343,88,0.556594153,0.929539295,4.751553375
ID5381,5381,30,388,469.1701031,90.97164948,0,149,149,11.11324596,1,,255,255,255,255,98940,0,1,Infinity,0.482323528,-0.503248478,14.99808843,9.314637751,-1.290396824,1.610163362,388,112,0.388691948,0.874859076,5.685938525
ID5382,5382,30,512,475.1074219,77.53515625,0,148,148,12.76615297,1,,255,255,255,255,130560,0,1,Infinity,-0.244381696,0.163569836,15.46142964,10.69171214,0.676426221,1.446113535,512,112,0.512913086,0.925022584,4.949747468
ID5639,5639,30,426,426.9342723,131.9295775,0,200,200,11.6447418,1,,255,255,255,255,108630,0,1,Infinity,-0.408501018,0.16800424,15.25543082,9.457233042,-0.496403615,1.613096637,426,102,0.514539973,0.900634249,4.941916148
ID5644,5644,30,187,391.4919786,163.6149733,0,194,194,7.715176519,1,,255,255,255,255,47685,0,0.996441281,Infinity,-0.037151272,0.050066448,9.948228058,6.051571523,2.724163219,1.643908201,187,70,0.479573736,0.892601432,5.118906969
ID5390,5390,30,379,468.3087071,111.414248,0,150,150,10.98359899,1,,255,255,255,255,96645,0,1,Infinity,0.088055098,0.04350076,12.08946618,10.08322728,1.513369782,1.198967934,379,94,0.539005711,0.921020656,4.828455671
ID5392,5392,30,646,469.0402477,128.0743034,0,151,151,14.33974151,1,,255,255,255,255,164730,0,1,Infinity,0.09915342,0.109815265,16.33797528,12.60187337,0.657971291,1.296471945,646,136,0.438898974,0.895356895,5.350848432
ID5394,5394,30,363,469.2176309,146.707989,0,152,152,10.74925526,1,,255,255,255,255,92565,0,1,Infinity,0.162012706,0.115077749,11.65307561,10.20132962,0.677845487,1.142309487,363,96,0.494964468,0.92249047,5.038693258
ID5650,5650,30,383,399.5169713,157.6840731,0,195,195,11.04140781,1,,255,255,255,255,97665,0,1,Infinity,-0.290615991,0.28252628,15.55806185,8.220912163,-0.398010662,1.892498246,383,102,0.46260284,0.892773893,5.211956529
ID5524,5524,30,253,317.486166,232.4822134,0,182,182,8.973984689,1,,255,255,255,255,64515,0,1,Infinity,-0.097392893,0.092423862,10.34198779,7.866344111,0.659498429,1.314713371,253,78,0.522566036,0.901960784,4.903817985
ID5399,5399,30,351,468.011396,158.8433048,0,153,153,10.57008846,1,,254.2735043,255,0,255,89250,13.61089307,1,18.68161794,0.244985917,0.003371546,12.19440361,9.070842855,0.923603877,1.344351766,351,102,0.42395195,0.861349693,5.444357229
ID5401,5401,30,310,472.8225806,175.2741935,0,154,154,9.933582673,1,,255,255,255,255,79050,0,0.997851772,Infinity,0.015071543,-0.018571216,11.66324699,8.362741995,0.028107484,1.394667801,310,88,0.503044278,0.913107511,4.998064141
ID5530,5530,30,166,327.6807229,248.873494,0,177,177,7.269074295,1,,255,255,255,255,42330,0,1,Infinity,0.095367342,-0.049529196,8.246041966,6.485507168,-0.071081245,1.271456766,166,60,0.579449312,0.922222222,4.656903154
ID5535,5535,30,157,315.5923567,244,0,180,180,7.06927522,1,,255,255,255,255,40035,0,1,Infinity,0.076250106,0.175925635,7.463779846,6.998996131,0.861764106,1.066407197,157,56,0.629119957,0.93452381,4.469286553
ID5410,5410,30,317,472.7287066,208.2712934,0,158,158,10.04510995,1,,254.1955836,255,0,255,80580,14.32222689,0.991596639,17.67344076,-0.075674844,-0.039577836,13.28159374,7.791203368,1.811727432,1.704690934,317,98,0.414779205,0.876901798,5.504228372
ID5539,5539,30,181,316.8563536,247.160221,0,179,179,7.590394548,1,,255,255,255,255,46155,0,1,Infinity,0.083542413,0.067615994,8.879098621,6.513519937,0.705392396,1.363179772,181,64,0.555301045,0.921119593,4.757082536
ID5416,5416,30,507,471.8678501,202.7810651,0,157,157,12.70366531,1,,255,255,255,255,129285,0,0.997373605,Infinity,0.301825845,-0.104860062,15.55689252,10.96946758,2.369641832,1.418199417,507,120,0.442440965,0.91598916,5.3293871
ID5548,5548,30,337,326.5252226,223.3590504,0,184,184,10.35714399,1,,255,255,255,255,85935,0,1,Infinity,-0.043615557,0.062555769,13.46636869,7.987226926,0.358560595,1.685987993,337,92,0.500338717,0.90227577,5.011559338
ID5421,5421,30,324,475.462963,187.5092593,0,155,155,10.1554125,1,,255,255,255,255,82620,0,1,Infinity,-0.338334424,0.551537502,11.1827814,9.961740732,1.003210561,1.122573022,324,92,0.481037817,0.884038199,5.111111111
ID5550,5550,30,249,319.2409639,228.939759,0,183,183,8.902761463,1,,255,255,255,255,63495,0,1,Infinity,0.005624048,0.146383014,11.59416252,6.929816045,0.712613503,1.673083736,249,82,0.465351916,0.898916968,5.196538854
ID5424,5424,30,390,472.2589744,197.5051282,0,156,156,11.14185153,1,,255,255,255,255,99450,0,1,Infinity,0.067685995,0.085481131,15.13671907,8.371920667,2.661795268,1.808034222,390,100,0.490088454,0.914419695,5.063696835
ID5555,5555,30,385,339.3454545,212.8857143,0,186,186,11.07019901,1,,255,255,255,255,98175,0,1,Infinity,0.037911898,0.138076206,14.36171095,8.796532353,0.241377456,1.632655958,385,98,0.503753924,0.91995221,4.994542476
ID5430,5430,30,224,448.4508929,229.40625,0,162,162,8.444016491,1,,255,255,255,255,57120,0,1,Infinity,-0.003258567,0.080020452,9.492372528,7.638962117,2.323819202,1.242625946,224,72,0.542991323,0.90872211,4.810702354
ID5559,5559,30,416,341.5889423,205.5336538,0,187,187,11.50725478,1,,255,255,255,255,106080,0,1,Infinity,-0.944709707,-0.103627777,14.00997307,10.29348439,2.593446701,1.361052539,416,108,0.448183314,0.849846782,5.295135649
ID5435,5435,30,363,444.6060606,229.9283747,0,163,163,10.74925526,1,,255,255,255,255,92565,0,1,Infinity,0.065671542,0.098490318,12.94040393,9.167277306,2.551299722,1.411586396,363,94,0.516250853,0.924840764,4.933720482
ID5566,5566,30,198,356.3080808,189.5656566,0,189,189,7.938851143,1,,255,255,255,255,50490,0,1,Infinity,-0.07763516,0.051956241,9.552386479,6.634598735,2.714184215,1.439783604,198,68,0.538092859,0.912442396,4.832549571
ID5439,5439,30,290,464.2896552,220.837931,0,160,160,9.607802402,1,,255,255,255,255,73950,0,1,Infinity,0.252472348,0.041743726,12.86051269,7.28144869,2.301316767,1.766202474,290,86,0.492732217,0.911949686,5.050093888
ID5444,5444,30,292,432.2226027,233.1849315,0,164,164,9.64087583,1,,255,255,255,255,74460,0,1,Infinity,0.032948374,-0.063692662,13.32310246,6.964598665,2.82364788,1.912974903,292,86,0.49613037,0.926984127,5.032769329
ID5445,5445,30,287,425.9198606,229.902439,0,165,165,9.55797768,1,,255,255,255,255,73185,0,1,Infinity,-0.084187535,0.108044678,10.75021428,8.600941221,2.126643439,1.249888124,287,78,0.592792302,0.937908497,4.604194422
ID5447,5447,30,348,420.2413793,229.0833333,0,166,166,10.52482021,1,,255,255,255,255,88740,0,1,Infinity,0.089886934,6.69E-04,12.46865954,8.955238284,-0.437137248,1.392331409,348,86,0.591278661,0.948228883,4.6100839
ID5451,5451,30,263,454.1064639,229.486692,0,161,161,9.149617482,1,,255,255,255,255,67065,0,0.892086331,Infinity,0.201368099,-0.433773913,12.70710077,6.948305861,2.295771443,1.828805614,263,82,0.491516281,0.910034602,5.056336611
ID5581,5581,30,266,330.3045113,216.9323308,0,185,185,9.201653641,1,,255,255,255,255,67830,0,1,Infinity,-0.105012709,-0.055147134,10.99987669,7.81969738,0.568824654,1.406688284,266,76,0.578714436,0.93006993,4.65985898
ID5455,5455,30,323,468.006192,216.1052632,0,159,159,10.13972846,1,,255,255,255,255,82365,0,0.995880536,Infinity,0.418573091,-0.46729103,14.28018354,7.556849812,2.126123598,1.889700589,323,98,0.422629915,0.881309686,5.452865864
ID5458,5458,30,336,402.4970238,228.1815476,0,168,168,10.34176589,1,,255,255,255,255,85680,0,0.998017839,Infinity,-0.237796175,0.05142349,12.11087782,9.07717034,0.280546709,1.334212907,336,88,0.545235089,0.932038835,4.800793585
ID5460,5460,30,315,387.8507937,233.8412698,0,170,170,10.01337177,1,,255,255,255,255,80325,0,0.997885835,Infinity,-0.18247353,-0.12959602,11.36918864,9.107845828,2.469640433,1.248285143,315,84,0.560998688,0.934718101,4.732863826
ID5589,5589,30,221,366.1855204,182.280543,0,190,190,8.387281136,1,,255,255,255,255,56355,0,1,Infinity,-0.084528276,0.177920933,10.11923144,7.178592204,-0.211379377,1.409640101,221,70,0.56676896,0.920833333,4.708709558
ID5462,5462,30,452,394.9048673,230.2455752,0,169,169,11.99483508,1,,255,255,255,255,115260,0,0.997054492,Infinity,0.57705517,-0.075447576,13.49850899,11.08135119,0.308598641,1.218128436,452,108,0.486968409,0.899502488,5.079892689
ID5591,5591,30,238,374.7394958,172.6722689,0,192,192,8.703892975,1,,255,255,255,255,60690,0,1,Infinity,-0.026803898,0.280760957,11.54076211,6.743389332,2.524715908,1.711418627,238,88,0.386208188,0.862318841,5.704192767
ID5466,5466,30,240,361.5166667,240.9,0,173,173,8.740387445,1,,255,255,255,255,61200,0,1,Infinity,-0.091123244,0.015334572,9.501178181,8.112775399,3.023419106,1.171137831,240,72,0.581776417,0.923076923,4.647580015
ID5598,5598,30,229,348.7423581,195.6593886,0,188,188,8.537737636,1,,255,255,255,255,58395,0,1,Infinity,-0.082631492,-0.207772011,9.157507067,8.020349521,0.793274178,1.141784039,229,70,0.587285484,0.932790224,4.625730203
ID5471,5471,30,237,410.2447257,228.6624473,0,167,167,8.685588237,1,,255,255,255,255,60435,0,0.994389902,Infinity,-0.06628358,0.001358614,9.167527832,8.272453567,0.155907475,1.10819937,237,74,0.543869583,0.918604651,4.806816538
ID5473,5473,30,295,350.4067797,240.3254237,0,174,174,9.690274321,1,,255,255,255,255,75225,0,0.995490417,Infinity,-2.76E-04,0.116286506,11.28325032,8.513826192,0.697138988,1.32528549,295,90,0.457664115,0.904907975,5.240002588
ID5602,5602,30,161,384.7888199,166.552795,0,193,193,7.158763278,1,,255,255,255,255,41055,0,1,Infinity,0.006209213,0.017301356,7.892770268,6.496788224,2.406766969,1.214872641,161,58,0.601422613,0.936046512,4.571040356
ID5477,5477,30,189,343.7089947,245.1216931,0,175,175,7.756324419,1,,255,255,255,255,48195,0,1,Infinity,0.030246004,0.02547399,8.406795892,7.225081895,-0.681328923,1.163557177,189,64,0.579844738,0.917475728,4.655314992
ID5479,5479,30,305,378.6262295,233.9442623,0,171,171,9.853147481,1,,255,255,255,255,77775,0,1,Infinity,-0.001023563,-0.082768672,11.0057019,8.979533278,0.369525193,1.225642978,305,86,0.518218366,0.918674699,4.924345675
ID5607,5607,30,308,404.5064935,156.1201299,0,196,196,9.901487007,1,,255,255,255,255,78540,0,1,Infinity,-0.023509192,0.081948441,13.08453624,7.720001221,-0.437537675,1.694887846,308,92,0.457282863,0.903225806,5.242186517
ID5481,5481,30,273,368.7142857,238.4175824,0,172,172,9.3219418,1,,255,255,255,255,69615,0,1,Infinity,0.004841334,-0.056584432,9.935345374,8.734474539,1.368660576,1.137486328,273,76,0.593943763,0.936535163,4.599729248
ID5484,5484,30,175,322.72,248.2685714,0,178,178,7.463526652,1,,255,255,255,255,44625,0,1,Infinity,-0.052222649,-0.025039883,8.420938055,6.613746801,0.195154197,1.273247723,175,62,0.572090233,0.925925926,4.686759465
ID5616,5616,30,421,413.7767221,153.4750594,0,197,197,11.5762024,1,,255,255,255,255,107355,0,1,Infinity,0.162907635,0.359454649,15.39219816,9.019858738,-0.152053183,1.706478849,421,104,0.489131105,0.891005291,5.06864986
ID5617,5617,30,246,370.8292683,175.7235772,0,191,191,8.848967849,1,,255,255,255,255,62730,0,1,Infinity,-0.02443001,0.091358706,10.10696071,7.962760763,-0.50058111,1.269278459,246,76,0.535202073,0.912801484,4.845583019
ID5490,5490,30,161,333.8819876,247.0124224,0,176,176,7.158763278,1,,255,255,255,255,41055,0,0.995867769,Infinity,0.044082653,0.002478471,7.927527317,6.512559246,0.243229852,1.217267593,161,58,0.601422613,0.936046512,4.571040356
ID5363,5363,30,74,495.2972973,2.594594595,0,143,143,4.85334231,1,,255,255,255,255,18870,0,0.720930233,Infinity,-0.228825959,-1.839165406,6.580789083,5.753593818,0.628489508,1.143770188,74,40,0.581194641,0.942675159,4.64990555
ID5369,5369,30,527,493.7419355,12.51612903,0,144,144,12.95180721,1,,255,255,255,255,134385,0,0.717544813,Infinity,-0.28868089,0.057222903,14.37812834,11.13470851,0.506414658,1.291289155,527,112,0.527939837,0.922942207,4.878796629
ID5625,5625,30,457,413.1466083,144.7724289,0,198,198,12.06099573,1,,255,255,255,255,116535,0,1,Infinity,0.243855589,0.059472987,13.98936688,10.1562827,-0.257596596,1.37741015,457,108,0.492355227,0.900492611,5.052026913
ID5372,5372,30,351,481.5470085,41.34188034,0,146,146,10.57008846,1,,255,255,255,255,89505,0,0.996208531,Infinity,0.437242357,0.11217706,11.04386335,10.60184785,2.768026459,1.041692307,351,94,0.499184709,0.89769821,5.017348819
ID5631,5631,30,430,416.6604651,142.2488372,0,199,199,11.69928421,1,,255,255,255,255,109650,0,1,Infinity,-0.27108309,0.155444624,16.78017444,8.298629104,-0.505417331,2.022041741,430,118,0.388073784,0.867810293,5.690465302
ID5489,5489,33,20,367.05,241.9,0,176,176,2.523132522,1,,255,255,255,255,5100,0,1,Infinity,0.031580143,0.073643495,3.188580084,2.236750925,1.608709481,1.42554097,20,28,0.320570679,0.701754386,6.260990337
ID5527,5527,33,16,366.4375,240.75,0,177,177,2.256758334,1,,255,255,255,255,4080,0,0.846153846,Infinity,-0.095681534,-0.047288229,3.237873768,1.781047429,-1.274198964,1.81796044,16,24,0.34906585,0.744186047,6
ID5483,5483,33,19,366.7368421,242.3684211,0,178,178,2.45924538,1,,255,255,255,255,4845,0,1.111111111,Infinity,0.126549119,-0.104903384,3.046399377,2.100278278,1.539277025,1.450474163,19,30,0.265290046,0.666666667,6.882472016
ID5604,5604,34,642,257.4688474,224.1370717,0,193,193,14.29527708,1,,255,255,255,255,163710,0,0.995854922,Infinity,0.122652966,-0.343554674,18.19223842,11.86799175,2.021671419,1.532882631,642,130,0.477373369,0.902953586,5.130690747
ID5636,5636,34,334,135.0958084,302.9790419,0,199,199,10.31094089,1,,255,255,255,255,85170,0,1,Infinity,-0.305960959,-0.087664587,13.37646405,8.165066596,2.702983773,1.638255352,334,94,0.475007671,0.906377205,5.143451159
ID5541,5541,34,424,353.0683962,20.17216981,0,181,181,11.61737456,1,,255,255,255,255,108120,0,0.937547601,Infinity,-0.03366457,-0.110098926,14.41486745,9.252922877,-1.398278826,1.557871782,424,100,0.532814114,0.932893289,4.856429312
ID5610,5610,34,461,199.670282,263.6854664,0,196,196,12.11366408,1,,255,255,255,255,117555,0,1,Infinity,-0.549420847,0.024273427,16.14977462,9.201619474,-0.448302354,1.755101335,461,106,0.515583558,0.932254803,4.936912188
ID5546,5546,34,680,342.3132353,90.51470588,0,184,184,14.71226436,1,,255,255,255,255,173400,0,1,Infinity,0.329907458,-0.103299601,16.5938531,12.78460591,2.459882063,1.297955777,680,140,0.435976123,0.87403599,5.368754922
ID5642,5642,34,262,113.4847328,314.5725191,0,200,200,9.132206206,1,,255,255,255,255,66810,0,1,Infinity,-0.122960517,0.081951052,11.55775043,7.442161381,2.862266901,1.553009917,262,80,0.514435797,0.889643463,4.942416506
ID5580,5580,34,560,339.9375,111.5267857,0,185,185,13.35116236,1,,255,255,255,255,142800,0,0.98816568,Infinity,-0.118212505,0.707940896,15.84559225,11.47782261,0.257853582,1.380539915,560,120,0.488692191,0.879120879,5.070925528
ID5549,5549,34,625,347.2512,67.1312,0,183,183,14.10473959,1,,255,255,255,255,159375,0,1,Infinity,-0.069729595,0.142409924,18.7512483,10.61111472,-1.152750631,1.767132746,625,128,0.479368996,0.919793966,5.12
ID5648,5648,34,723,240.615491,242.5587828,0,194,194,15.1703015,1,,255,255,255,255,184365,0,0.999078341,Infinity,-0.119732371,0.103424893,20.13135558,11.70935709,-1.179389546,1.719253707,723,142,0.450579545,0.910006293,5.281036823
ID5553,5553,34,390,326.9487179,125.1897436,0,186,186,11.14185153,1,,255,255,255,255,99450,0,0.996587031,Infinity,0.24279213,-0.408465871,15.28031808,8.869090617,2.256817742,1.722873149,390,108,0.420171857,0.889395667,5.468792582
ID5521,5521,34,951,355.3059937,44.75078864,0,182,182,17.3986408,1,,255,255,255,255,242505,0,0.993014321,Infinity,1.120540873,0.787489421,21.29783377,16.06794491,-1.520355409,1.325485859,951,184,0.352983768,0.772856562,5.966608803
ID5652,5652,34,634,224.4526814,248.6908517,0,195,195,14.20593073,1,,255,255,255,255,161670,0,1.010570825,Infinity,0.485158921,-0.2699979,19.05838495,11.14224579,2.861668368,1.710461724,634,150,0.354092399,0.792004997,5.957261031
ID5588,5588,34,512,295.6386719,182.265625,0,190,190,12.76615297,1,,255,255,255,255,130560,0,0.971758665,Infinity,-0.082007082,-0.222406533,18.46887362,8.883918015,2.023264546,2.078910857,512,126,0.405264661,0.901408451,5.568465902
ID5557,5557,34,576,313.125,140.0902778,0,187,187,13.54055001,1,,255,255,255,255,146880,0,0.998843262,Infinity,0.346526609,-0.208589013,17.86036321,11.05756985,0.035541004,1.615215952,576,154,0.305204481,0.77471419,6.416666667
ID5622,5622,34,682,283.1055718,203.3533724,0,191,191,14.73388416,1,,255,255,255,255,173910,0,1,Infinity,-0.099216585,0.103961248,23.90266188,8.982067569,2.196442647,2.661153648,682,150,0.380900656,0.91728312,5.743796858
ID5623,5623,34,543,183.7992634,275.0368324,0,197,197,13.14694901,1,,255,255,255,255,138465,0,1,Infinity,-1.115213587,0.747390664,19.74593899,8.628023246,2.48499372,2.288582034,543,134,0.380014438,0.869495596,5.750490411
ID5592,5592,34,731,269.3994528,208.1915185,0,192,192,15.25400035,1,,254.6511628,255,0,255,186150,9.431515699,1,27.00002533,-0.319369356,-0.19035207,16.34169774,14.3608228,1.892513913,1.137936034,731,140,0.468674333,0.886597938,5.17808705
ID5565,5565,34,685,299.4423358,168.410219,0,189,189,14.7662545,1,,255,255,255,255,174675,0,1,Infinity,0.060520027,0.224879276,18.66755519,12.30569697,2.424238918,1.516984794,685,140,0.43918183,0.870393901,5.349125039
ID5597,5597,34,529,305.2703214,155.5992439,0,188,188,12.97636042,1,,255,255,255,255,134895,0,1,Infinity,0.0275224,-0.163243773,16.36330816,10.8791399,0.032691183,1.504099434,529,114,0.511512008,0.905821918,4.956521739
ID5629,5629,34,194,158.3195876,289.7628866,0,198,198,7.858251582,1,,255,255,255,255,49470,0,0.982964225,Infinity,-0.018925498,-0.014525333,9.878998915,6.262761199,2.662905431,1.577419065,194,68,0.527222297,0.912941176,4.882115479
ID5534,5534,34,502,334.1334661,5.129482072,0,180,180,12.64086875,1,,255,255,255,255,128010,0,0.775943396,Infinity,-3.650458325,2.025147216,23.20749167,5.604651639,-0.027052782,4.140755423,502,158,0.252696605,0.737151248,7.051885114
ID5632,5632,35,222,538.1936937,219.3018018,0,199,199,8.406235467,1,,255,255,255,255,56610,0,1,Infinity,0.026426682,-0.044492223,9.729923997,7.358983618,1.821669203,1.32218313,222,70,0.569333526,0.93081761,4.698092386
ID5601,5601,35,140,567.9857143,150.5928571,0,193,193,6.675581178,1,,255,255,255,255,35700,0,1,Infinity,-0.042791408,-0.093695238,7.229855203,6.275209195,-1.024886584,1.15212975,140,54,0.603323692,0.921052632,4.563832976
ID5571,5571,35,163,621.1288344,38.32515337,0,185,185,7.20309041,1,,255,255,255,255,41565,0,1,Infinity,-0.05056678,-0.03896713,8.07164169,6.619899017,2.006748436,1.219299822,163,60,0.568977336,0.910614525,4.6995627
ID5608,5608,35,179,551.5363128,185.6256983,0,196,196,7.548342177,1,,255,255,255,255,45645,0,1,Infinity,0.037880182,0.075040409,8.287965283,6.999380984,2.07490628,1.184099751,179,62,0.585166582,0.92746114,4.634097575
ID5640,5640,35,202,531.5247525,232.019802,0,200,200,8.018640596,1,,255,255,255,255,51510,0,1,Infinity,0.025287395,0.034531112,8.610376359,7.742129946,2.530846377,1.112145678,202,62,0.660355584,0.952830189,4.362304777
ID5545,5545,35,176,627.8806818,18.64772727,0,184,184,7.484820637,1,,255,255,255,255,44880,0,1,Infinity,0.06740992,-0.004023772,8.262351787,6.890743321,1.848989655,1.199050872,176,64,0.539961237,0.909560724,4.824181513
ID5611,5611,35,188,579.3457447,127.2978723,0,191,191,7.735777828,1,,255,255,255,255,47940,0,1,Infinity,-0.025680623,0.042715805,8.26709854,7.243359868,-0.75326659,1.14133478,188,64,0.576776776,0.923832924,4.667679728
ID5643,5643,35,173,561.9884393,161.416185,0,194,194,7.420755373,1,,255,255,255,255,44115,0,1,Infinity,0.142455311,0.026909554,8.433030959,6.581335134,2.109625154,1.28135565,173,62,0.565552059,0.920212766,4.713772712
ID5582,5582,35,180,586.0888889,113.65,0,190,190,7.569397566,1,,255,255,255,255,45900,0,1,Infinity,0.044253872,0.04572629,8.34792161,6.792327228,2.007627465,1.229022297,180,64,0.552233084,0.911392405,4.770278352
ID5552,5552,35,169,614.7337278,55.82840237,0,186,186,7.334464586,1,,255,255,255,255,43095,0,1,Infinity,-0.028605363,-0.220874786,8.838829405,6.406885614,-1.126789648,1.379582833,169,62,0.552475711,0.91598916,4.769230769
ID5618,5618,35,212,545.8490566,198.4669811,0,197,197,8.214724333,1,,255,255,255,255,54060,0,1,Infinity,0.051016506,0.02884389,8.803521875,7.657584097,2.694126545,1.14964743,212,68,0.576139829,0.925764192,4.670259174
ID5651,5651,35,173,556.3468208,173.8728324,0,195,195,7.420755373,1,,255,255,255,255,44115,0,1,Infinity,0.011405032,-0.040703014,8.474302969,6.785791542,2.006468172,1.24883043,173,58,0.646249143,0.942779292,4.409658343
ID5556,5556,35,192,608.0989583,73.34895833,0,187,187,7.81764019,1,,255,255,255,255,48960,0,1,Infinity,0.051710948,-0.154100632,9.000341002,7.141741026,2.470693955,1.260244662,192,62,0.627664713,0.948148148,4.474464586
ID5590,5590,35,164,573.4878049,139.4817073,0,192,192,7.225151994,1,,255,255,255,255,41820,0,1,Infinity,-0.022529831,-0.001016807,7.735830835,6.808894791,-0.601286828,1.13613605,164,60,0.572467995,0.923943662,4.685212857
ID5626,5626,35,207,541.1980676,210.115942,0,198,198,8.11727457,1,,255,255,255,255,52785,0,1,Infinity,0.089821248,0.05493998,9.182233439,7.316487611,2.545100757,1.25500567,207,66,0.59716224,0.93877551,4.587317109
ID5596,5596,35,199,600.9748744,88.08542714,0,188,188,7.958873498,1,,255,255,255,255,50745,0,1,Infinity,0.011205886,0.017715216,8.975487969,6.880591768,2.752176489,1.304464539,199,68,0.5408105,0.921296296,4.820392194
ID5564,5564,35,190,593.3473684,101.3210526,0,189,189,7.776816725,1,,255,255,255,255,48450,0,1,Infinity,0.036649512,0.009039347,8.269069972,7.353964689,2.28309683,1.124436997,190,64,0.582912699,0.922330097,4.643048001
ID5638,5638,38,312,630.2948718,42.56089744,0,200,200,9.96557497,1,,255,255,255,255,79560,0,0.798270893,Infinity,-0.079039988,-0.011698049,12.59704229,8.060549526,1.790863243,1.562801922,312,84,0.555655843,0.935532234,4.755563543
ID5624,5624,38,124,635.7903226,7.338709677,0,198,198,6.282549314,1,,255,255,255,255,31620,0,0.390654206,Infinity,1.113279135,-0.236352721,10.05522896,5.70788869,1.321663704,1.761637185,124,54,0.534372413,0.925373134,4.849343155
ID5630,5630,38,279,633.3154122,22.65232975,0,199,199,9.423823971,1,,255,255,255,255,71145,0,0.711656442,Infinity,1.729912461,-0.386414621,12.35683931,9.147716377,1.837876726,1.350811372,279,76,0.606997473,0.958762887,4.550000985
ID5377,5377,60,168,402.7559524,174.7857143,0,147,147,7.312732791,1,,255,255,255,255,42840,0,1,Infinity,0.161178669,-0.02249573,8.125322239,6.722735974,2.106305338,1.208633251,168,60,0.586430629,0.923076923,4.629100499
ID5443,5443,60,152,450.6184211,283.5065789,0,160,160,6.955796338,1,,255,255,255,255,38760,0,0.991266376,Infinity,0.025761921,0.030309465,8.529960871,5.638034574,1.551319533,1.512931636,152,62,0.496901231,0.891495601,5.028864055
ID5380,5380,60,221,411.9321267,150.4570136,0,145,145,8.387281136,1,,255,255,255,255,56355,0,1,Infinity,0.08332361,-0.082729706,8.96269607,7.934422292,-0.991437356,1.129596553,221,70,0.56676896,0.915113872,4.708709558
ID5383,5383,60,152,401.5197368,185.3618421,0,148,148,6.955796338,1,,255,255,255,255,38760,0,1,Infinity,0.022315808,0.014477359,8.022454611,6.060100225,1.55630339,1.3238155,152,58,0.567802715,0.921212121,4.704421213
ID5452,5452,60,138,451.5797101,292.3188406,0,161,161,6.627726933,1,,255,255,255,255,35190,0,1,Infinity,-0.077547525,-0.083485485,7.134934018,6.234945951,1.260688538,1.144345769,138,54,0.594704782,0.913907285,4.596785266
ID5391,5391,60,119,405.4369748,205.4033613,0,150,150,6.154581745,1,,255,255,255,255,30345,0,1,Infinity,0.00174046,0.054891917,6.945997229,5.511683375,0.931135018,1.26023154,119,50,0.598159241,0.933333333,4.583492485
ID5457,5457,60,183,449.5464481,277.1256831,0,159,159,7.63221522,1,,255,255,255,255,46665,0,0.946808511,Infinity,0.034043566,0.032759999,8.273814628,7.055993107,-1.372123712,1.172593921,183,62,0.59824293,0.926582278,4.58317188
ID5393,5393,60,149,408.9597315,212.7583893,0,151,151,6.886811529,1,,255,255,255,255,37995,0,1,Infinity,-0.007433871,-0.006500636,7.582816749,6.581352852,0.684494719,1.152166875,149,54,0.642108787,0.934169279,4.423852371
ID5396,5396,60,7,413.7142857,219,0,152,152,1.49270533,1,,255,255,255,255,1785,0,0.909090909,Infinity,-0.24322491,9.93E-18,1.86314177,1.608524855,0,1.158292185,7,12,0.610865238,0.875,4.535573676
ID5400,5400,60,148,421.3918919,224.8581081,0,153,153,6.863662518,1,,255,255,255,255,37740,0,1,Infinity,-0.046289707,-0.071650938,7.605491316,6.299848722,0.480758623,1.207249833,148,56,0.593055756,0.925,4.603171645
ID5403,5403,60,166,425.7048193,231.3373494,0,154,154,7.269074295,1,,255,255,255,255,42330,0,0.992,Infinity,-0.12753312,-0.279375147,9.131007685,5.995658605,0.966735474,1.522936559,166,70,0.425717862,0.871391076,5.43305368
ID5344,5344,60,361,615.2714681,56.68421053,0,136,136,10.71960209,1,,255,255,255,255,92055,0,1,Infinity,-0.203766373,-0.214116898,14.77448444,8.22950922,2.916632788,1.795305655,361,94,0.513406495,0.926829268,4.947368421
ID5345,5345,60,450,490.0066667,92.43777778,0,140,140,11.96826841,1,,255,255,255,255,114750,0,1,Infinity,0.286442857,-0.080294471,13.2347333,11.26321041,1.121242792,1.175040936,450,104,0.522824221,0.915564598,4.902607016
ID5346,5346,60,613,547.5269168,70.68515498,0,138,138,13.96867783,1,,255,255,255,255,156315,0,1,Infinity,-0.604039255,0.083411813,15.91860356,12.6653306,0.14017259,1.256864433,613,122,0.517548051,0.908148148,4.92753359
ID5348,5348,60,389,580.2570694,64.35475578,0,137,137,11.12755794,1,,255,255,255,255,99195,0,0.998287671,Infinity,0.136591227,-0.067617554,14.8113276,8.753752572,-0.190715875,1.691997515,389,104,0.451952493,0.905704307,5.273009316
ID5415,5415,60,177,446.4915254,268.2937853,0,158,158,7.506054213,1,,255,255,255,255,45135,0,0.99249531,Infinity,-0.014876636,0.009548369,8.532609878,6.682330434,1.108269806,1.276891342,177,62,0.578628408,0.921875,4.660205374
ID5352,5352,60,352,516.6761364,81.56534091,0,139,139,10.58513486,1,,255,255,255,255,89760,0,1,Infinity,-0.056188825,0.026582057,13.1972457,8.524031948,2.827176581,1.548239821,352,88,0.571198664,0.939919893,4.69041576
ID5353,5353,60,293,471.3071672,100.0614334,0,141,141,9.657370069,1,,255,255,255,255,74715,0,1,Infinity,0.30317807,-0.55099821,15.36043271,6.468919687,2.665723685,2.374497359,293,112,0.293522528,0.810511757,6.543109864
ID5420,5420,60,235,443.587234,259.6212766,0,157,157,8.648862541,1,,255,255,255,255,59925,0,1,Infinity,-0.272430999,-0.137967928,9.000211141,8.578554506,2.800784394,1.049152411,235,68,0.638645565,0.951417004,4.435830897
ID5423,5423,60,155,432.5225806,240.6064516,0,155,155,7.024103669,1,,255,255,255,255,39525,0,1,Infinity,-0.069901437,-0.011457353,7.523208506,6.691051,0.817242596,1.124368729,155,58,0.579009348,0.922619048,4.658672108
ID5362,5362,60,386,450.7357513,114.7072539,0,142,142,11.08456657,1,,255,255,255,255,98430,0,0.991401548,Infinity,0.362200756,0.00644112,12.57513491,10.26444055,0.253839873,1.225116445,386,90,0.598841859,0.936893204,4.580879387
ID5429,5429,60,187,437.8716578,250.1283422,0,156,156,7.715176519,1,,255,255,255,255,47685,0,1,Infinity,6.89E-04,-0.068258736,8.392793288,7.266355186,1.138942598,1.155021063,187,62,0.611319278,0.932668329,4.53388903
ID5365,5365,60,306,433.9444444,124.5261438,0,143,143,9.869286964,1,,255,255,255,255,78030,0,0.984864865,Infinity,0.184897208,-0.332393111,11.25951259,8.811845781,2.57322835,1.277770047,306,82,0.571878258,0.934351145,4.687627994
ID5431,5431,60,14,452.9285714,294.8571429,0,162,162,2.111004123,1,,255,255,255,255,3570,0,1,Infinity,0.146568314,-0.024000537,3.199380571,1.607701841,0.043022391,1.99003353,14,20,0.439822972,0.848484848,5.345224838
ID5371,5371,60,349,424.277937,135.1060172,0,144,144,10.53993123,1,,255,255,255,255,88995,0,1,Infinity,0.027624319,-0.024486658,14.13655487,7.979714969,-0.905258261,1.771561381,349,98,0.456649661,0.897172237,5.24581973
ID5438,5438,60,136,452.4338235,301.8823529,0,163,163,6.579524642,1,,255,255,255,255,34680,0,0.971014493,Infinity,0.084264475,-0.068968406,7.047819123,6.425069794,-1.185809311,1.096924913,136,56,0.544970154,0.915824916,4.801960384
ID5375,5375,60,226,407.1725664,161.4247788,0,146,146,8.481629223,1,,255,255,255,255,57630,0,1,Infinity,0.139630244,-0.08563956,10.63957057,7.069806499,1.975417572,1.504930944,226,78,0.466798119,0.893280632,5.188482821
ID5953,5953,61,-1,356.1666667,256.8333333,0,198,198,2.599999964,1,,0,0,0,0,0,0,NaN,NaN,0,0,2.599999964,2.599999964,0,1,21.23716575,16.33628157,1,1,3.544907702
ID5633,5633,61,119,360.1008403,257.8739496,0,199,199,6.154581745,1,,255,255,255,255,30345,0,1,Infinity,0.014011539,-0.053869347,6.358345344,5.919818544,0.634703783,1.074077744,119,52,0.553031843,0.908396947,4.766832185
ID5446,5446,61,8,451.875,305.125,0,165,165,1.595769122,1,,255,255,255,255,2040,0,1,Infinity,-0.132043464,0.132043464,2.075265681,1.715241988,0.785398163,1.209896735,8,12,0.698131701,0.941176471,4.242640687
ID5449,5449,61,35,451.3428571,306.8285714,0,166,166,3.337790589,1,,255,255,255,255,8925,0,0.981132075,Infinity,0.167962783,-0.171060714,4.394558581,2.76005116,-0.864780136,1.592201857,35,30,0.488692191,0.853658537,5.070925528
ID5897,5897,61,-1,439.1666667,306.8333333,0,168,168,2.599999964,1,,0,0,0,0,0,0,NaN,NaN,0,0,2.599999964,2.599999964,0,1,21.23716575,16.33628157,1,1,3.544907702
ID5641,5641,61,120,363.525,256.425,0,200,200,6.180387232,1,,255,255,255,255,30600,0,1,Infinity,0.028310679,-0.04683888,6.57383615,6.02620622,-0.831015756,1.090874741,120,48,0.654498469,0.9375,4.38178046
ID5901,5901,61,-1,431.8333333,305.5,0,169,169,2.599999964,1,,0,0,0,0,0,0,NaN,NaN,0,0,2.599999964,2.599999964,0,1,21.23716575,16.33628157,1,1,3.544907702
ID5903,5903,61,-1,425.1666667,304.1666667,0,170,170,2.599999964,1,,0,0,0,0,0,0,NaN,NaN,0,0,2.599999964,2.599999964,0,1,21.23716575,16.33628157,1,1,3.544907702
ID5905,5905,61,-1,418.5,303.1666667,0,171,171,2.599999964,1,,0,0,0,0,0,0,NaN,NaN,0,0,2.599999964,2.599999964,0,1,21.23716575,16.33628157,1,1,3.544907702
ID5532,5532,61,137,363.1970803,301.0291971,0,177,177,6.603669768,1,,255,255,255,255,34935,0,1,Infinity,-0.058744914,0.017980945,7.155045092,6.097238293,0.395100239,1.173489496,137,54,0.590395327,0.925675676,4.613531352
ID5470,5470,61,119,401.5462185,300.605042,0,173,173,6.154581745,1,,255,255,255,255,30345,0,1,Infinity,0.053698168,0.070792512,6.73363608,5.857607441,1.075791883,1.149554003,119,48,0.649044316,0.933333333,4.400152786
ID5919,5919,61,-1,329.1666667,305.5,0,181,181,2.599999964,1,,0,0,0,0,0,0,NaN,NaN,0,0,2.599999964,2.599999964,0,1,21.23716575,16.33628157,1,1,3.544907702
ID5921,5921,61,-1,324.5,305.8333333,0,182,182,2.599999964,1,,0,0,0,0,0,0,NaN,NaN,0,0,2.599999964,2.599999964,0,1,21.23716575,16.33628157,1,1,3.544907702
ID5538,5538,61,14,339.3571429,306.6428571,0,180,180,2.111004123,1,,255,255,255,255,3570,0,0.953488372,Infinity,-0.21291368,-0.057557964,3.173352757,1.717051343,2.910918394,1.848140867,14,22,0.363490059,0.717948718,5.879747322
ID5923,5923,61,-1,320.5,303.8333333,0,183,183,2.599999964,1,,0,0,0,0,0,0,NaN,NaN,0,0,2.599999964,2.599999964,0,1,21.23716575,16.33628157,1,1,3.544907702
ID5476,5476,61,125,393.928,300.368,0,174,174,6.307831305,1,,255,255,255,255,31875,0,1,Infinity,-0.0222173,0.013157841,6.758800534,6.026003985,3.080991106,1.121605719,125,50,0.628318531,0.92936803,4.472135955
ID5540,5540,61,8,346.625,306.125,0,179,179,1.595769122,1,,255,255,255,255,2040,0,1,Infinity,-0.005829969,0.077731727,2.238426986,1.477437275,0.439799712,1.515074124,8,14,0.512913086,0.8,4.949747468
ID5925,5925,61,-1,318.5,304.1666667,0,184,184,2.599999964,1,,0,0,0,0,0,0,NaN,NaN,0,0,2.599999964,2.599999964,0,1,21.23716575,16.33628157,1,1,3.544907702
ID5478,5478,61,24,383.125,303.5,0,175,175,2.763953196,1,,255,255,255,255,6120,0,1,Infinity,-0.018323986,-0.11995819,3.810930741,2.247562146,3.12657193,1.695584145,24,24,0.523598776,0.888888889,4.898979486
ID5927,5927,61,-1,317.1666667,300.5,0,185,185,2.599999964,1,,0,0,0,0,0,0,NaN,NaN,0,0,2.599999964,2.599999964,0,1,21.23716575,16.33628157,1,1,3.544907702
ID5929,5929,61,-1,316.5,296.8333333,0,186,186,2.599999964,1,,0,0,0,0,0,0,NaN,NaN,0,0,2.599999964,2.599999964,0,1,21.23716575,16.33628157,1,1,3.544907702
ID5482,5482,61,16,411.0625,304.9375,0,172,172,2.256758334,1,,255,255,255,255,4080,0,1,Infinity,0.449705328,-0.098486288,3.652126416,2.01247512,2.945077176,1.814743636,16,20,0.502654825,0.842105263,5
ID5931,5931,61,-1,318.5,292.5,0,187,187,2.599999964,1,,0,0,0,0,0,0,-1,#NAME?,0,0,2.599999964,2.599999964,0,1,21.23716575,16.33628157,1,1,3.544907702
ID5933,5933,61,-1,321.1666667,288.1666667,0,188,188,2.599999964,1,,0,0,0,0,0,0,NaN,NaN,0,0,2.599999964,2.599999964,0,1,21.23716575,16.33628157,1,1,3.544907702
ID5487,5487,61,130,354.4307692,301.7615385,0,178,178,6.432750983,1,,255,255,255,255,33150,0,1,Infinity,0.09523134,-0.075923424,6.863990267,6.159758385,-0.52459049,1.114327842,130,54,0.560229143,0.905923345,4.736113304
ID5935,5935,61,-1,324.5,282.1666667,0,189,189,2.599999964,1,,0,0,0,0,0,0,NaN,NaN,0,0,2.599999964,2.599999964,0,1,21.23716575,16.33628157,1,1,3.544907702
ID5937,5937,61,-1,328.8333333,276.5,0,190,190,2.599999964,1,,0,0,0,0,0,0,NaN,NaN,0,0,2.599999964,2.599999964,0,1,21.23716575,16.33628157,1,1,3.544907702
ID5939,5939,61,-1,332.1666667,270.1666667,0,191,191,2.599999964,1,,0,0,0,0,0,0,NaN,NaN,0,0,2.599999964,2.599999964,0,1,21.23716575,16.33628157,1,1,3.544907702
ID5492,5492,61,120,372.825,301.025,0,176,176,6.180387232,1,,255,255,255,255,30600,0,1,Infinity,0.135404722,0.088605276,6.460685369,6.029939092,0.54099512,1.071434598,120,52,0.557679169,0.898876404,4.746928832
ID5941,5941,61,-1,337.8333333,265.5,0,192,192,2.599999964,1,,0,0,0,0,0,0,NaN,NaN,0,0,2.599999964,2.599999964,0,1,21.23716575,16.33628157,1,1,3.544907702
ID5943,5943,61,-1,341.5,261.5,0,193,193,2.599999964,1,,0,0,0,0,0,0,NaN,NaN,0,0,2.599999964,2.599999964,0,1,21.23716575,16.33628157,1,1,3.544907702
ID5945,5945,61,-1,347.1666667,260.1666667,0,194,194,2.599999964,1,,0,0,0,0,0,0,NaN,NaN,0,0,2.599999964,2.599999964,0,1,21.23716575,16.33628157,1,1,3.544907702
ID5947,5947,61,-1,349.8333333,257.1666667,0,195,195,2.599999964,1,,55.13513514,0,0,255,2040,106.4221578,0.885271318,0.486551608,0,0,2.599999964,2.599999964,0,1,21.23716575,16.33628157,1,1,3.544907702
ID5949,5949,61,-1,352.5,256.5,0,196,196,2.599999964,1,,0,0,0,0,0,0,NaN,NaN,0,0,2.599999964,2.599999964,0,1,21.23716575,16.33628157,1,1,3.544907702
ID5887,5887,61,-1,444.8333333,307.1666667,0,167,167,2.799999967,1,,0,0,0,0,0,0,NaN,NaN,0,0,2.799999967,2.799999967,0,1,24.63008583,17.59291865,1,1,3.544907702
ID5951,5951,61,-1,354.1666667,256.5,0,197,197,2.599999964,1,,34.45945946,0,0,255,1275,88.37879163,0.822541966,0.35194186,0,0,2.599999964,2.599999964,0,1,21.23716575,16.33628157,1,1,3.544907702
